Workbook

Sheet Product Backlog
A1: CITAJUSTA PRODUCT BACKLOG PRIORIZADO
A2: Versión 1.3 · Primera evaluación · 09-09-2026 · Product Backlog actualizado con integración Web/API validada y PR #43 mergeado.
A4: ID | B4: Épica | C4: Historia de Usuario | D4: Alias | E4: Estado | F4: Story Points | G4: Sprint | H4: Prioridad | I4: RF | J4: Alcance | K4: Criterios de aceptación (resumen) | L4: Evidencia / rama | M4: Issue GitHub | N4: Comentarios
A5: HU-001 | B5: Cuenta y acceso | C5: Como usuario final, quiero crear una cuenta, para utilizar CitaJusta y administrar mis citas. | D5: Registro de usuario | E5: Done | F5: 3 | G5: Sprint 3 | H5: Alta | I5: RF-001 | J5: MVP | K5: El sistema valida campos obligatorios y formatos. • No permite registrar un correo ya utilizado. • La contraseña cumple la política definida y nunca se almacena en texto plano. | L5: feat/auth-foundation | M5: Pendiente de vincular | N5: Registro implementado y probado en Auth.
A6: HU-002 | B6: Cuenta y acceso | C6: Como usuario, quiero iniciar sesión de forma segura, para acceder únicamente a las funciones que me corresponden. | D6: Inicio de sesión | E6: Done | F6: 3 | G6: Sprint 3 | H6: Crítica | I6: RF-002 | J6: MVP | K6: Credenciales válidas permiten acceder. • Credenciales inválidas no revelan si el correo existe. • El backend valida autenticación y rol para recursos protegidos. | L6: feat/auth-foundation / feat/rbac-institution-context | M6: Pendiente de vincular | N6: Login, refresh rotativo y logout implementados y probados.
A7: HU-003 | B7: Citas | C7: Como usuario, quiero buscar citas por servicio, sede y fecha o preferencia, para encontrar una atención compatible con mis necesidades. | D7: Buscar citas | E7: Done | F7: 5 | G7: Sprint 4 | H7: Crítica | I7: RF-011 / RF-012 | J7: MVP | K7: La búsqueda exige al menos un servicio. • Los resultados respetan filtros válidos de sede y fecha/preferencia. • No se muestran cupos bloqueados, ocupados o fuera de disponibilidad. | L7: feat/catalog-read-foundation / feat/availability-read-foundation / feat/web-api-integration · PR #43 | M7: S5-T05 · PR #43 | N7: Búsqueda funcional completada de punta a punta: institución/sede/servicio, consulta de disponibilidad y resultados reales en Web. Cierre funcional realizado en Sprint 5 sobre la base backend iniciada en Sprint 4; validación Web/API/PostgreSQL E2E 13/13 y revisión manual.
A8: HU-004 | B8: Citas | C8: Como usuario, quiero reservar un cupo disponible, para asegurar una atención en el horario seleccionado. | D8: Reservar una cita | E8: Done | F8: 5 | G8: Sprint 5 | H8: Crítica | I8: RF-013 | J8: MVP | K8: El backend revalida el cupo dentro de una transacción Serializable. • Una reserva exitosa crea una sola cita activa con estado AGENDADA y origen WEB interno. • La actualización condicional AVAILABLE→RESERVED usa lockVersion. • UNIQUE(citas.cupo_id) evita doble asignación. • Concurrencia real verificada: un 201, un 409 y una sola cita. | L8: feat/appointments-booking-foundation · commit 7a6a80e · merge a main 9b3e5a7 | M8: PR HU-004 fusionado | N8: Reserva transaccional implementada y validada. POST /api/v1/appointments; estado inicial AGENDADA; origen WEB interno; transacción Serializable; AVAILABLE→RESERVED con lockVersion; UNIQUE(citas.cupo_id) como segunda defensa; historial inicial. Validación final: 88/88 unitarios, E2E checkpoint 1/1 y E2E appointments 8/8.
A9: HU-005 | B9: Citas | C9: Como usuario, quiero visualizar mis citas y su estado, para saber cuándo debo asistir y qué acciones tengo disponibles. | D9: Consultar mis citas | E9: Done | F9: 3 | G9: Sprint 5 | H9: Alta | I9: RF-014 | J9: MVP | K9: El usuario sólo ve sus propias citas. • Se muestran fecha, hora, servicio, sede, profesional y estado aplicable. • Las acciones disponibles dependen del estado y permisos. | L9: commit 89d15a8 · GET /api/v1/appointments/me | M9: HU-005 creada en GitHub Projects | N9: Consulta autenticada de citas propias implementada. Aislamiento por AuthenticatedPrincipal, DTO público controlado, orden startsAt ASC/id ASC. Validación al cierre de HU-005: 96/96 unitarios, appointments E2E 14/14 y checkpoint 1/1.
A10: HU-006 | B10: Citas | C10: Como usuario, quiero cancelar una cita que no podré utilizar, para liberar el cupo y mantener mi agenda actualizada. | D10: Cancelar una cita | E10: Done | F10: 5 | G10: Sprint 5 | H10: Crítica | I10: RF-015 | J10: MVP | K10: Sólo el titular o un rol autorizado puede cancelar. • La cancelación cambia el estado de la cita y queda auditada. • Si el cupo es reutilizable, queda disponible para el proceso de reasignación. | L10: feat/appointments-cancellation · commit 9c62153 · PR #37 | M10: CitaJusta #32 · PR #37 | N10: Cancelación transaccional e idempotente implementada: AGENDADA → CANCELADA y AgendaSlot RESERVED → RELEASED, sin volver a AVAILABLE. Concurrencia validada 200/200 sin doble efecto. Validación actual: 114/114 unitarios, appointments E2E 22/22, checkpoint 1/1 y build aprobado.
A11: HU-007 | B11: Lista de espera | C11: Como usuario, quiero ingresar a una lista de espera cuando no haya disponibilidad adecuada, para tener la posibilidad de recibir un cupo que se libere. | D11: Ingresar a lista de espera | E11: Pendiente | F11: 5 | G11: Sprint 5 | H11: Crítica | I11: RF-018 / RF-019 | J11: MVP | K11: Sólo se permite una espera activa equivalente cuando así lo defina la regla de negocio. • Se registran servicio, sede/preferencias y fecha de ingreso. • El usuario puede consultar el estado de la espera. | M11: Pendiente de vincular | N11: Pendiente: implementar alta y consulta de lista de espera.
A12: HU-008 | B12: Lista de espera | C12: Como usuario, quiero indicar y modificar mis días, horarios y sede preferidos, para recibir solamente ofertas que pueda utilizar. | D12: Gestionar preferencias de espera | E12: Pendiente | F12: 5 | G12: Sprint 5 | H12: Alta | I12: RF-019 / RF-021 | J12: MVP | K12: Las preferencias deben usar valores válidos. • Los cambios aplican a futuras evaluaciones de compatibilidad. • El usuario puede retirarse de una espera activa y el cambio queda persistido. | M12: Pendiente de vincular | N12: Pendiente: implementar modificación/retiro de preferencias de espera.
A13: HU-009 | B13: Ofertas | C13: Como usuario en lista de espera, quiero recibir una oferta cuando se libere un cupo compatible, para decidir si deseo tomarlo. | D13: Recibir oferta de cupo liberado | E13: Pendiente | F13: 8 | G13: Sprint 6 | H13: Crítica | I13: RF-022 a RF-027 / RF-034 | J13: MVP | K13: La oferta sólo se genera para un candidato compatible. • La oferta posee fecha/hora de expiración persistida. • El usuario es notificado dentro de CitaJusta. | M13: Pendiente de vincular | N13: Pendiente: implementar generación y notificación de ofertas.
A14: HU-010 | B14: Ofertas | C14: Como usuario, quiero aceptar una oferta vigente, para obtener el cupo liberado de manera segura. | D14: Aceptar una oferta | E14: Pendiente | F14: 8 | G14: Sprint 6 | H14: Crítica | I14: RF-027 | J14: MVP | K14: Sólo el destinatario puede aceptar la oferta. • La oferta debe estar vigente y el cupo disponible. • La aceptación se ejecuta transaccionalmente. | M14: Pendiente de vincular | N14: Pendiente: implementar aceptación transaccional de oferta vigente.
A15: HU-011 | B15: Ofertas | C15: Como usuario, quiero rechazar una oferta que no puedo utilizar, para que el sistema pueda continuar con otro candidato. | D15: Rechazar una oferta | E15: Pendiente | F15: 3 | G15: Sprint 6 | H15: Alta | I15: RF-028 | J15: MVP | K15: Sólo el destinatario puede rechazar. • La oferta cambia a estado rechazado. • El cupo puede continuar con el siguiente candidato válido. | M15: Pendiente de vincular | N15: Pendiente: implementar rechazo y continuidad del flujo.
A16: HU-012 | B16: Administración | C16: Como administrador institucional, quiero administrar sedes y servicios, para configurar correctamente la oferta de atención de mi institución. | D16: Gestionar servicios y sedes | E16: En progreso | F16: 5 | G16: Sprint 4 | H16: Alta | I16: RF-005 a RF-007 | J16: MVP | K16: Sólo roles autorizados pueden crear o modificar datos institucionales. • Una sede pertenece a una institución válida. • Un servicio puede activarse o desactivarse sin borrar su historial. | L16: feat/catalog-read-foundation | M16: Pendiente de vincular | N16: Lectura de instituciones, sedes y servicios implementada y consumida por la Web; CRUD administrativo continúa pendiente.
A17: HU-013 | B17: Administración | C17: Como administrador institucional, quiero registrar profesionales y asociarlos a servicios y sedes, para construir la agenda institucional. | D17: Gestionar profesionales | E17: En progreso | F17: 5 | G17: Sprint 4 | H17: Alta | I17: RF-008 | J17: MVP | K17: El profesional se asocia a una institución y a servicios válidos. • No se crean asociaciones duplicadas equivalentes. • Los cambios relevantes quedan auditados. | L17: feat/professionals-read-foundation | M17: Pendiente de vincular | N17: Lectura de profesionales/asociaciones implementada y consumida por la Web; administración de profesionales continúa pendiente.
A18: HU-014 | B18: Agenda | C18: Como usuario autorizado, quiero configurar disponibilidad, bloqueos e indisponibilidades, para evitar que se ofrezcan horarios no atendibles. | D18: Configurar disponibilidad | E18: En progreso | F18: 8 | G18: Sprint 4 | H18: Crítica | I18: RF-009 | J18: MVP | K18: No se aceptan rangos inválidos o superpuestos cuando generen conflicto. • Los bloqueos impiden nuevas reservas en el periodo afectado. • La agenda refleja los cambios de disponibilidad. | L18: feat/availability-read-foundation | M18: Pendiente de vincular | N18: Consulta de disponibilidad/cupos implementada y consumida por la Web; configuración administrativa de horarios y bloqueos continúa pendiente.
A19: HU-015 | B19: Agenda | C19: Como funcionario, quiero consultar la agenda por fecha, sede, servicio, profesional y estado, para gestionar la operación diaria. | D19: Consultar agenda institucional | E19: En progreso | F19: 5 | G19: Sprint 4 | H19: Alta | I19: RF-010 | J19: MVP | K19: La agenda puede filtrarse por los criterios definidos. • Cada cita muestra estado y datos operativos relevantes. • El usuario sólo consulta sedes/recursos dentro de su ámbito autorizado. | L19: feat/availability-read-foundation | M19: Pendiente de vincular | N19: Consulta de disponibilidad por contexto implementada; vista completa de agenda institucional para funcionarios continúa pendiente.
A20: HU-016 | B20: Reasignación | C20: Como funcionario autorizado, quiero visualizar el cupo liberado, candidatos evaluados, oferta y estado del flujo, para supervisar la reasignación automática. | D20: Supervisar una reasignación | E20: Pendiente | F20: 8 | G20: Sprint 6 | H20: Crítica | I20: RF-032 / RF-033 | J20: MVP | K20: El flujo muestra al menos cupo, candidatos, oferta y estado actual. • La vista distingue operación automática de intervención manual autorizada. • Cada paso crítico posee trazabilidad. | L20: Modelo Prisma/migraciones de reasignación y ofertas | M20: Pendiente de vincular | N20: Modelo de datos de reasignación/ofertas existe; lógica funcional de supervisión pendiente.
A21: HU-017 | B21: Operación | C21: Como funcionario o profesional autorizado, quiero registrar asistencia o inasistencia, para mantener el historial operativo y apoyar las reglas institucionales. | D21: Registrar asistencia e inasistencia | E21: Pendiente | F21: 3 | G21: Sprint 5 | H21: Media | I21: RF-017 | J21: Objetivo | K21: Sólo roles autorizados registran asistencia/inasistencia. • No se registra asistencia sobre una cita cancelada. • El cambio queda persistido y auditado. | M21: Pendiente de vincular | N21: Pendiente para versión objetivo: asistencia/inasistencia.
A22: HU-018 | B22: Administración | C22: Como administrador institucional, quiero configurar parámetros permitidos de priorización, para adaptar la reasignación a las políticas de la institución. | D22: Configurar reglas de reasignación | E22: Pendiente | F22: 8 | G22: Sprint 6 | H22: Alta | I22: Pendiente trazabilidad RF | J22: Objetivo | K22: Sólo administradores autorizados pueden cambiar parámetros. • Los valores deben respetar límites definidos por el sistema. • Los cambios quedan versionados o auditados y no alteran retroactivamente decisiones cerradas. | M22: Pendiente de vincular | N22: Pendiente para versión objetivo. Falta formalizar trazabilidad con un RF específico si se mantiene.
A23: HU-019 | B23: Reportes | C23: Como administrador, quiero consultar indicadores de cancelaciones, ofertas y cupos recuperados, para evaluar el desempeño de la agenda. | D23: Consultar indicadores | E23: Pendiente | F23: 5 | G23: Sprint 7 | H23: Media | I23: RF-037 | J23: Objetivo | K23: Los indicadores se calculan a partir de datos persistidos. • Los filtros respetan el ámbito institucional. • Los resultados distinguen cancelaciones, ofertas, aceptaciones, expiraciones y cupos recuperados cuando corresponda. | M23: Pendiente de vincular | N23: Pendiente para versión objetivo: reportes e indicadores.
A24: HU-020 | B24: Auditoría | C24: Como auditor autorizado, quiero consultar la bitácora de operaciones relevantes, para reconstruir qué ocurrió, cuándo y por quién. | D24: Consultar trazabilidad | E24: Pendiente | F24: 5 | G24: Sprint 7 | H24: Alta | I24: RF-036 | J24: Objetivo | K24: El auditor posee acceso de lectura sin capacidad de alterar eventos. • La bitácora permite identificar actor/sistema, fecha, acción y recurso afectado según corresponda. • Los logs no exponen secretos o credenciales. | M24: Pendiente de vincular | N24: Pendiente para versión objetivo: consulta de auditoría.
A27: Nota: los Story Points provienen del documento de Historias de Usuario v0.1 y se consideran estimaciones iniciales sujetas a Refinement/Planning.

Sheet Resumen
A1: CITAJUSTA — RESUMEN DEL PRODUCT BACKLOG (ACTUALIZADO 09-09-2026)
A3: Indicador | B3: Valor | D3: Estado | E3: Historias
A4: Historias totales | B4: =COUNTA('Product Backlog'!A5:A24) -> 20 | D4: Done | E4: =B6 -> 6
A5: Story Points totales | B5: =SUM('Product Backlog'!F5:F24) -> 105 | D5: En progreso | E5: =B7 -> 4
A6: Done | B6: =COUNTIF('Product Backlog'!E5:E24,"Done") -> 6 | D6: Pendiente | E6: =B8 -> 10
A7: En progreso | B7: =COUNTIF('Product Backlog'!E5:E24,"En progreso") -> 4
A8: Pendiente | B8: =COUNTIF('Product Backlog'!E5:E24,"Pendiente") -> 10
A9: SP completados | B9: =SUMIF('Product Backlog'!E5:E24,"Done",'Product Backlog'!F5:F24) -> 24 | D9: Sprint | E9: Historias | F9: Story Points
A10: Avance por Story Points | B10: =IF(B5=0,0,B9/B5) -> 0.22857143 | D10: Sprint 3 | E10: =COUNTIF('Product Backlog'!G5:G24,D10) -> 2 | F10: =SUMIF('Product Backlog'!G5:G24,D10,'Product Backlog'!F5:F24) -> 6
A11: Historias MVP | B11: =COUNTIF('Product Backlog'!J5:J24,"MVP") -> 16 | D11: Sprint 4 | E11: =COUNTIF('Product Backlog'!G5:G24,D11) -> 5 | F11: =SUMIF('Product Backlog'!G5:G24,D11,'Product Backlog'!F5:F24) -> 28
A12: Historias Objetivo | B12: =COUNTIF('Product Backlog'!J5:J24,"Objetivo") -> 4 | D12: Sprint 5 | E12: =COUNTIF('Product Backlog'!G5:G24,D12) -> 6 | F12: =SUMIF('Product Backlog'!G5:G24,D12,'Product Backlog'!F5:F24) -> 26
D13: Sprint 6 | E13: =COUNTIF('Product Backlog'!G5:G24,D13) -> 5 | F13: =SUMIF('Product Backlog'!G5:G24,D13,'Product Backlog'!F5:F24) -> 35
D14: Sprint 7 | E14: =COUNTIF('Product Backlog'!G5:G24,D14) -> 2 | F14: =SUMIF('Product Backlog'!G5:G24,D14,'Product Backlog'!F5:F24) -> 10
A15: Notas para primera evaluación | D15: Total | E15: =SUM(E10:E14) -> 20 | F15: =SUM(F10:F14) -> 105
A16: • HU-001 a HU-006 están Done; HU-003 cerró funcionalmente con la integración Web/API del PR #43. • HU-012 a HU-015 siguen En progreso: existe lectura/consulta, pero falta la administración institucional completa. • Validación actual: 114/114 backend, 22/22 E2E appointments, 1/1 checkpoint, 39/39 web y 13/13 Web/API/PostgreSQL. • Próximo foco: HU-007/HU-008 (lista de espera y preferencias), seguido del motor de ofertas/reasignación.
A23: Último avance técnico incorporado al Backlog
A24: PR #43 mergeado: integración Web/API completada y flujo Registro → Login → Catálogos → Disponibilidad → Reserva → Mis citas → Cancelación → Logout validado. Avance del Backlog: 6 historias Done, 4 En progreso, 10 Pendientes; 24/105 SP completados (22,9%).
